City_ID,City,Country,Lat,Lng,Max Temp,Humidity,Cloudiness,Wind Speed,Current Description
0,Nanortalik,GL,60.1432,-45.2371,19.22,74,100,20.92,light snow
1,Ushuaia,AR,-54.8,-68.3,44.26,70,40,28.77,scattered clouds
2,Punta Arenas,CL,-53.15,-70.9167,50.11,57,75,26.46,broken clouds
3,Atuona,PF,-9.8,-139.0333,78.19,78,14,15.01,light rain
4,Rikitea,PF,-23.1203,-134.9692,77.11,71,100,5.77,overcast clouds
5,Lundazi,ZM,-12.2929,33.1782,62.24,98,63,2.64,broken clouds
6,Banda Aceh,ID,5.5577,95.3222,76.42,81,64,7.09,broken clouds
7,Hermanus,ZA,-34.4187,19.2345,70.9,85,96,13.49,overcast clouds
8,Puerto Ayora,EC,-0.7393,-90.3518,74.64,78,100,7.67,overcast clouds
9,Sechura,PE,-5.5569,-80.8222,74.41,69,84,15.28,broken clouds
10,Saldanha,ZA,-33.0117,17.9442,68.05,92,66,6.08,broken clouds
11,Jamestown,US,42.097,-79.2353,18.72,85,100,0.0,overcast clouds
12,Severo-Kurilsk,RU,50.6789,156.125,28.36,95,100,7.45,snow
13,Bubaque,GW,11.2833,-15.8333,77.99,72,58,12.17,broken clouds
14,Hilo,US,19.7297,-155.09,78.24,63,20,8.05,few clouds
15,Ribeira Grande,PT,38.5167,-28.7,59.74,71,63,23.22,broken clouds
16,Barrow,US,71.2906,-156.7887,-5.78,77,75,10.36,light snow
17,Pimentel,PE,-6.8367,-79.9342,73.69,60,0,16.11,clear sky
18,Vaitape,PF,-16.5167,-151.75,81.03,71,18,11.74,few clouds
19,Goya,AR,-29.14,-59.2626,77.9,35,0,5.55,clear sky
20,Avarua,CK,-21.2078,-159.775,73.45,94,40,8.05,moderate rain
21,Hoi An,VN,15.8794,108.335,69.76,93,100,5.35,overcast clouds
22,Port Hardy,CA,50.6996,-127.4199,41.18,87,75,8.05,broken clouds
23,Albany,US,42.6001,-73.9662,16.21,49,23,3.83,few clouds
24,Eureka,US,40.8021,-124.1637,57.67,78,89,2.37,overcast clouds
25,Dwarka,IN,22.2394,68.9678,69.73,83,0,9.17,clear sky
26,Haines Junction,CA,60.7522,-137.5108,10.35,52,93,12.66,overcast clouds
27,Hobart,AU,-42.8794,147.3294,80.02,61,20,1.01,few clouds
28,Rio Grande,BR,-32.035,-52.0986,73.94,77,14,21.18,few clouds
29,Mildura,AU,-34.2,142.15,85.96,30,3,5.75,clear sky
30,Christchurch,NZ,-43.5333,172.6333,72.48,60,21,7.0,few clouds
31,Narsaq,GL,60.9167,-46.05,19.62,83,100,19.66,snow
32,Vaini,TO,-21.2,-175.2,80.83,73,100,10.65,overcast clouds
33,Sitka,US,57.0531,-135.33,39.09,75,75,5.75,broken clouds
34,New Norfolk,AU,-42.7826,147.0587,79.66,32,3,2.73,clear sky
35,Mecca,SA,21.4267,39.8261,67.77,60,99,4.54,overcast clouds
36,Jiayuguan,CN,39.8167,98.3,14.85,46,100,4.61,overcast clouds
37,Aquin,HT,18.2833,-73.4,75.36,80,30,5.95,scattered clouds
38,Victoria,HK,22.2855,114.1577,59.25,77,90,1.99,overcast clouds
39,Dikson,RU,73.5069,80.5464,-5.21,94,100,22.3,overcast clouds
40,Torbay,CA,47.6666,-52.7314,36.75,82,75,23.02,broken clouds
41,Busselton,AU,-33.65,115.3333,66.09,57,93,19.69,overcast clouds
42,Sawtell,AU,-30.3833,153.1,83.19,74,40,11.5,scattered clouds
43,Yar-Sale,RU,66.8333,70.8333,-5.6,98,89,7.85,overcast clouds
44,Disna,BY,55.568,28.1971,24.35,98,100,3.42,overcast clouds
45,Boden,SE,65.8252,21.6886,5.0,95,13,4.63,few clouds
46,Qaanaaq,GL,77.484,-69.3632,-7.42,68,100,6.53,overcast clouds
47,Grand Island,US,40.925,-98.342,54.55,23,0,13.8,clear sky
48,Mataura,NZ,-46.1927,168.8643,71.47,54,49,2.42,scattered clouds
49,Banff,CA,51.1762,-115.5698,40.23,55,92,8.05,overcast clouds
50,Fortuna,US,40.5982,-124.1573,59.18,80,0,6.91,clear sky
51,Kodiak,US,57.79,-152.4072,27.91,64,0,11.5,clear sky
52,Moron,AR,-34.6534,-58.6198,81.99,56,0,4.0,clear sky
53,Bambous Virieux,MU,-20.3428,57.7575,79.05,94,75,9.22,light rain
54,Harnai,PK,30.1005,67.9374,53.49,42,0,4.72,clear sky
55,Upernavik,GL,72.7868,-56.1549,-4.59,97,100,2.73,overcast clouds
56,Maldonado,UY,-34.6667,-54.9167,76.39,71,1,7.85,clear sky
57,Saskylakh,RU,71.9167,114.0833,-21.86,100,99,2.68,overcast clouds
58,Weihai,CN,37.5017,122.1136,33.51,59,22,10.96,few clouds
59,Pangnirtung,CA,66.1451,-65.7125,-21.42,83,90,5.84,overcast clouds
60,Yellowknife,CA,62.456,-114.3525,-6.45,81,75,6.91,light snow
61,Kampot,KH,10.6167,104.1833,75.25,87,73,5.23,broken clouds
62,Saint George,US,37.1041,-113.5841,63.07,16,0,1.01,clear sky
63,Hasaki,JP,35.7333,140.8333,37.8,46,100,16.46,overcast clouds
64,Sambava,MG,-14.2667,50.1667,75.38,89,57,8.19,broken clouds
65,Samarai,PG,-10.6167,150.6667,83.7,70,100,11.79,overcast clouds
66,Constitucion,CL,-35.3333,-72.4167,59.83,76,4,16.64,clear sky
67,Korla,CN,41.7597,86.1469,23.58,57,100,4.12,overcast clouds
68,Skjervoy,NO,70.0311,20.9714,28.54,63,80,8.21,broken clouds
69,Thompson,CA,55.7435,-97.8558,3.36,78,20,4.61,few clouds
70,Kaspiyskiy,RU,45.3929,47.3707,34.81,85,55,5.7,broken clouds
71,Black River,JM,18.0264,-77.8487,73.4,81,67,9.17,broken clouds
72,Port Alfred,ZA,-33.5906,26.891,73.15,90,98,16.35,overcast clouds
73,Sorland,NO,67.667,12.6934,34.02,46,81,5.46,broken clouds
74,Guerrero Negro,MX,27.9769,-114.0611,63.59,55,87,13.85,overcast clouds
75,Sao Filipe,CV,14.8961,-24.4956,71.4,72,100,14.32,overcast clouds
76,Sidi Ali,DZ,36.0998,0.4206,51.39,44,0,1.7,clear sky
77,Pandamatenga,BW,-18.5278,25.627,66.11,98,100,8.48,light rain
78,Qaqortoq,GL,60.7167,-46.0333,19.9,83,100,17.58,snow
79,Dingle,PH,10.9995,122.6711,78.4,85,47,5.21,scattered clouds
80,Pisco,PE,-13.7,-76.2167,73.45,73,75,3.44,broken clouds
81,Ahipara,NZ,-35.1667,173.1667,75.9,52,98,13.35,overcast clouds
82,Caravelas,BR,-17.7125,-39.2481,79.41,84,29,11.36,scattered clouds
83,Coquimbo,CL,-29.9533,-71.3436,64.13,82,0,11.5,clear sky
84,Quatre Cocos,MU,-20.2078,57.7625,78.91,82,100,16.84,light rain
85,Kalmanka,RU,52.8992,83.5433,9.7,94,64,3.0,broken clouds
86,Contamana,PE,-7.3333,-75.0167,72.63,96,100,2.73,overcast clouds
87,Makaryev,RU,57.8797,43.8069,9.93,98,91,5.75,overcast clouds
88,Ust-Maya,RU,60.4167,134.5333,-32.15,100,100,0.27,overcast clouds
89,Olinda,BR,-8.0089,-34.8553,83.93,74,75,10.36,broken clouds
90,Tasiilaq,GL,65.6145,-37.6368,8.76,53,98,8.77,overcast clouds
91,Buala,SB,-8.145,159.5921,85.28,69,99,4.45,light rain
92,Vanimo,PG,-2.6741,141.3028,76.8,89,100,6.69,light rain
93,Georgetown,MY,5.4112,100.3354,78.89,90,20,5.01,few clouds
94,Bull Savanna,JM,17.8868,-77.5902,70.07,81,60,10.33,broken clouds
95,Zemio,CF,5.0314,25.1361,67.48,30,97,3.22,overcast clouds
96,Arraial Do Cabo,BR,-22.9661,-42.0278,74.23,92,94,6.76,overcast clouds
97,Mingguang,CN,32.7802,117.9638,35.87,78,96,4.7,overcast clouds
98,Sao Joao Da Barra,BR,-21.6403,-41.0511,75.58,92,28,4.36,scattered clouds
99,Pevek,RU,69.7008,170.3133,-16.64,99,96,1.57,overcast clouds
100,Faranah,GN,10.0404,-10.7434,75.88,18,4,4.79,clear sky
101,Paamiut,GL,61.994,-49.6678,16.02,85,100,9.89,snow
102,Shu,KZ,43.5983,73.7614,29.12,84,66,3.24,broken clouds
103,Uch,FR,45.3192,-0.9345,46.6,92,95,6.62,overcast clouds
104,Moerai,PF,-22.4333,-151.3333,80.35,74,28,13.2,scattered clouds
105,Marsala,IT,37.7966,12.4352,55.99,94,40,16.11,scattered clouds
106,Pierre,US,44.3683,-100.351,40.12,52,0,1.01,clear sky
107,Beloha,MG,-25.1667,45.05,72.25,77,83,15.52,broken clouds
108,Meiktila,MM,20.8667,95.8667,55.62,47,5,5.66,clear sky
109,Trelew,AR,-43.249,-65.3051,61.03,29,69,7.18,broken clouds
110,Tuzha,RU,57.6062,47.936,14.65,96,99,5.35,overcast clouds
111,Sinnamary,GF,5.3833,-52.95,76.26,88,44,12.86,scattered clouds
112,Yenagoa,NG,4.9247,6.2642,73.78,71,64,1.54,broken clouds
113,Manzanillo,CU,20.3433,-77.1167,68.18,66,100,13.87,overcast clouds
114,Nikolskoye,RU,59.7035,30.7861,27.39,96,100,5.3,light snow
115,Port Elizabeth,ZA,-33.918,25.5701,70.09,94,20,11.5,few clouds
116,Cabo San Lucas,MX,22.8909,-109.9124,77.61,69,83,7.63,broken clouds
117,Homer,US,59.6425,-151.5483,24.67,84,40,3.44,scattered clouds
118,Buncrana,IE,55.1333,-7.45,42.6,73,83,26.82,broken clouds
119,Elizabeth City,US,36.2946,-76.2511,35.02,56,0,3.44,clear sky
120,Geraldton,AU,-28.7667,114.6,73.81,78,40,11.5,scattered clouds
121,Salalah,OM,17.0151,54.0924,68.09,77,0,5.75,clear sky
122,Comodoro Rivadavia,AR,-45.8667,-67.5,60.66,36,20,10.36,few clouds
123,Nabire,ID,-3.3667,135.4833,78.28,78,100,2.39,overcast clouds
124,Kapaa,US,22.0752,-159.319,80.47,73,0,1.99,clear sky
125,Natal,BR,-5.795,-35.2094,79.45,94,20,5.75,few clouds
126,Cape Town,ZA,-33.9258,18.4232,72.12,78,0,3.0,clear sky
127,Ozinki,RU,51.1786,49.6769,17.17,98,86,7.23,overcast clouds
128,Tabou,CI,4.423,-7.3528,79.12,87,20,5.48,few clouds
129,Lebu,CL,-37.6167,-73.65,58.21,71,0,21.14,clear sky
130,Ostrovnoy,RU,68.0531,39.5131,8.17,95,93,8.21,overcast clouds
131,Kingaroy,AU,-26.5333,151.8333,78.06,73,100,5.75,overcast clouds
132,Brownwood,US,31.7093,-98.9912,69.12,20,0,6.91,clear sky
133,Esperance,AU,-33.8667,121.9,67.84,77,31,18.3,scattered clouds
134,Dakar,SN,14.6937,-17.4441,70.68,88,100,19.57,overcast clouds
135,Akdepe,TM,42.0551,59.3788,26.69,72,100,9.8,overcast clouds
136,Hovd,MN,48.0056,91.6419,-14.66,82,22,1.92,few clouds
137,Camacha,PT,33.0833,-16.3333,61.56,82,20,18.41,few clouds
138,Shakawe,BW,-18.3667,21.85,66.61,94,100,6.87,light rain
139,Bengkulu,ID,-3.8004,102.2655,75.85,88,97,4.83,heavy intensity rain
140,San Patricio,US,28.017,-97.5169,68.09,68,63,11.03,broken clouds
141,Souillac,MU,-20.5167,57.5167,79.18,94,75,9.22,light rain
142,Chokurdakh,RU,70.6333,147.9167,-29.65,96,16,2.21,few clouds
143,Tucuru,GT,15.3,-90.0667,73.08,97,88,2.71,overcast clouds
144,Broome,US,42.2506,-75.833,14.38,74,0,3.0,clear sky
145,Pec,XK,42.6591,20.2883,34.09,79,39,6.33,scattered clouds
146,Rocha,UY,-34.4833,-54.3333,67.93,82,0,10.6,clear sky
147,Balkhash,KZ,46.844,74.9804,4.35,99,100,6.46,overcast clouds
148,Komsomolskiy,UZ,40.4272,71.7189,32.72,86,100,2.3,fog
149,Ancud,CL,-41.8697,-73.8203,60.42,66,33,8.97,scattered clouds
150,Vostok,RU,46.4856,135.8833,-7.98,92,52,1.21,broken clouds
151,Kaitangata,NZ,-46.2817,169.8464,69.93,71,18,5.95,few clouds
152,Arbazh,RU,57.6804,48.3065,13.6,96,99,5.82,overcast clouds
153,Saint-Michel-Des-Saints,CA,46.6834,-73.9159,4.93,98,99,3.91,overcast clouds
154,Bredasdorp,ZA,-34.5322,20.0403,69.28,88,88,8.05,overcast clouds
155,Atasu,KZ,48.6814,71.6433,14.72,96,100,8.99,overcast clouds
156,Porto Feliz,BR,-23.2147,-47.5239,69.39,98,100,5.28,overcast clouds
157,Tiksi,RU,71.6872,128.8694,-18.56,100,97,4.27,overcast clouds
158,Buin,CL,-33.7333,-70.75,79.12,59,0,5.55,clear sky
159,Hami,CN,42.8,93.45,21.74,44,95,1.74,overcast clouds
160,Teyateyaneng,LS,-29.1472,27.7489,61.14,87,100,1.86,light rain
161,Kharovsk,RU,59.9642,40.1912,11.68,96,100,6.98,overcast clouds
162,Yangambi,CD,0.8102,24.4336,71.73,39,89,2.28,overcast clouds
163,Norman Wells,CA,65.282,-126.8329,-25.56,68,75,0.0,light snow
164,Talaya,RU,61.3833,152.75,-12.26,95,100,6.08,overcast clouds
165,Opuwo,NA,-18.0607,13.84,62.91,52,59,5.32,broken clouds
166,Lerwick,GB,60.1545,-1.1494,37.4,97,100,6.76,overcast clouds
167,Buraydah,SA,26.326,43.975,55.85,44,88,10.33,overcast clouds
168,Requena,ES,39.4883,-1.1004,48.79,24,1,6.15,clear sky
169,Valley City,US,46.9233,-98.0032,18.59,92,0,17.27,clear sky
170,Ilulissat,GL,69.2167,-51.1,3.22,55,20,18.41,few clouds
171,Arak,IR,34.0917,49.6892,28.17,48,0,5.57,clear sky
172,Bluff,NZ,-46.6,168.3333,71.8,84,82,5.21,broken clouds
173,Save,BJ,8.0425,2.486,78.87,12,100,6.78,overcast clouds
174,Mahebourg,MU,-20.4081,57.7,79.09,94,75,9.22,broken clouds
175,Amot,NO,59.5714,7.9877,17.76,86,100,2.46,overcast clouds
176,Rockhampton,AU,-23.3833,150.5,84.09,70,20,5.75,few clouds
177,Safita,SY,34.8205,36.1153,46.51,77,100,9.31,overcast clouds
178,Faya,SA,18.3851,42.4509,55.51,79,14,4.14,few clouds
179,Melbourne,US,28.0836,-80.6081,51.96,65,0,0.0,clear sky
180,Saint-Pierre,RE,-21.3393,55.4781,76.68,78,20,8.05,few clouds
181,Lagoa,PT,39.05,-27.9833,58.78,68,61,24.56,broken clouds
182,Pacasmayo,PE,-7.4006,-79.5714,71.55,78,100,13.22,overcast clouds
183,Ixtapa,MX,20.7,-105.2,75.22,85,4,5.99,clear sky
184,Antalaha,MG,-14.9003,50.2788,74.68,86,17,7.47,few clouds
185,Byron Bay,AU,-28.65,153.6167,82.87,71,61,9.53,broken clouds
186,Kavaratti,IN,10.5669,72.642,81.21,72,11,5.53,few clouds
187,Adrar,MR,20.5022,-10.0711,73.2,13,100,11.3,overcast clouds
188,Ulladulla,AU,-35.35,150.4667,82.87,66,6,7.23,clear sky
189,Brawley,US,32.9787,-115.5303,79.05,8,0,3.44,clear sky
190,Khatanga,RU,71.9667,102.5,-5.31,98,98,8.84,overcast clouds
191,Bairiki,KI,1.3292,172.9752,87.8,70,20,13.8,light rain
192,Hithadhoo,MV,-0.6,73.0833,81.55,71,65,9.46,broken clouds
193,Mareeba,AU,-17.0,145.4333,86.32,81,99,1.34,overcast clouds
194,Mar Del Plata,AR,-38.0023,-57.5575,67.87,79,75,14.0,broken clouds
195,Tuktoyaktuk,CA,69.4541,-133.0374,-0.4,78,100,20.71,light snow
196,Vilyuysk,RU,63.7553,121.6247,-26.09,99,90,4.09,overcast clouds
197,Pokaran,IN,26.9167,71.9167,61.57,32,0,4.65,clear sky
198,Aklavik,CA,68.2191,-135.0107,2.23,96,100,3.58,overcast clouds
199,Mulege,MX,26.8833,-111.9833,66.7,38,96,8.63,overcast clouds
200,Ewo,CG,-0.8725,14.8206,79.54,55,100,3.15,overcast clouds
201,Imbituba,BR,-28.24,-48.6703,74.82,75,36,5.17,scattered clouds
202,Carora,VE,10.1755,-70.0827,78.15,57,64,9.33,broken clouds
203,Carnarvon,AU,-24.8667,113.6333,80.67,69,41,17.27,scattered clouds
204,Progreso,MX,21.2833,-89.6667,71.11,60,0,12.44,clear sky
205,Srednekolymsk,RU,67.45,153.6833,-29.74,100,100,1.86,overcast clouds
206,Bafq,IR,31.6128,55.4107,44.91,35,61,1.36,broken clouds
207,San Quintin,MX,30.4833,-115.95,62.67,54,1,10.29,clear sky
208,Ratnagiri,IN,16.9833,73.3,69.57,59,0,4.32,clear sky
209,Miraflores,MX,19.2167,-98.8083,72.03,42,4,3.78,clear sky
210,Vardo,NO,70.3705,31.1107,26.8,62,98,13.38,overcast clouds
211,Bluefield,US,37.2698,-81.2223,34.36,53,0,10.36,clear sky
212,Bochnia,PL,49.9691,20.4303,38.37,79,99,21.0,overcast clouds
213,Xinmin,CN,41.9908,122.8253,8.85,41,84,5.99,broken clouds
214,Churapcha,RU,62.0025,132.4325,-38.4,100,89,2.8,overcast clouds
215,Merauke,ID,-8.4667,140.3333,83.03,70,99,6.62,overcast clouds
216,Banjar,ID,-8.19,114.9675,82.26,87,100,3.15,overcast clouds
217,Saint-Philippe,RE,-21.3585,55.7679,76.59,86,42,10.47,scattered clouds
218,Nouadhibou,MR,20.931,-17.0347,64.38,63,100,16.11,overcast clouds
219,Chuy,UY,-33.6971,-53.4616,70.97,78,13,14.14,few clouds
220,Portland,US,45.5234,-122.6762,54.36,76,100,8.01,overcast clouds
221,Novovarshavka,RU,54.1721,74.6946,3.15,97,86,8.23,overcast clouds
222,Novyy Urengoy,RU,66.0833,76.6333,-5.19,100,97,6.64,overcast clouds
223,Millau,FR,44.0833,2.9167,39.33,98,12,4.47,few clouds
224,Ulaanbaatar,MN,47.9077,106.8832,-27.27,68,0,2.24,clear sky
225,Yuanping,CN,38.7153,112.7575,17.55,35,0,5.88,clear sky
226,Castro,BR,-24.7911,-50.0119,62.76,99,98,8.77,overcast clouds
227,Milkovo,RU,54.7167,158.6167,17.26,94,100,4.05,light snow
228,Cidreira,BR,-30.1811,-50.2056,73.76,70,4,18.7,clear sky
229,Benton Harbor,US,42.1167,-86.4542,29.05,75,100,0.0,overcast clouds
230,Ishim,RU,56.1128,69.4902,9.34,95,100,7.23,overcast clouds
231,Poum,NC,-20.2333,164.0167,80.49,73,98,9.35,overcast clouds
232,Solton,RU,52.8429,86.4787,-6.97,100,80,2.21,broken clouds
233,Grindavik,IS,63.8424,-22.4338,25.27,86,75,31.07,light shower snow
234,Presidencia Roque Saenz Pena,AR,-26.7852,-60.4388,81.43,16,0,4.68,clear sky
235,Yeppoon,AU,-23.1333,150.7333,83.98,70,33,10.54,scattered clouds
236,Huarmey,PE,-10.0681,-78.1522,71.22,84,100,8.05,overcast clouds
237,Williamsport,US,41.2412,-77.0011,20.93,59,0,4.61,clear sky
238,Klaksvik,FO,62.2266,-6.589,36.52,54,99,40.24,overcast clouds
239,Athabasca,CA,54.7169,-113.2854,24.98,97,100,3.85,overcast clouds
240,Gusau,NG,12.1628,6.6614,65.35,15,51,13.73,broken clouds
241,Butaritari,KI,3.0707,172.7902,82.04,76,28,20.92,light rain
242,Shalakusha,RU,62.2247,40.2539,9.93,95,100,5.73,overcast clouds
243,Shitanjing,CN,39.2342,106.3439,9.75,33,2,0.63,clear sky
244,Caucaia,BR,-3.7361,-38.6531,83.03,76,0,8.05,clear sky
245,Cao Bang,VN,22.6667,106.25,50.16,93,100,1.43,overcast clouds
246,Grand Bend,CA,43.3168,-81.7498,21.49,77,39,3.6,scattered clouds
247,Turukhansk,RU,65.8167,87.9833,-0.56,94,99,10.2,overcast clouds
248,Puerto El Triunfo,SV,13.2833,-88.55,92.26,54,26,1.77,scattered clouds
249,Mount Gambier,AU,-37.8333,140.7667,66.11,94,100,6.91,overcast clouds
250,Luderitz,NA,-26.6481,15.1594,64.33,88,60,12.46,broken clouds
251,Mushie,CD,-3.0167,16.9,74.88,79,96,3.65,overcast clouds
252,East London,ZA,-33.0153,27.9116,74.16,84,88,14.05,overcast clouds
253,Provideniya,RU,64.3833,-173.3,10.51,67,0,17.9,clear sky
254,Maues,BR,-3.3836,-57.7186,72.95,95,100,2.06,light rain
255,Kargasok,RU,59.0556,80.8572,6.13,96,100,8.79,overcast clouds
256,Kruisfontein,ZA,-34.0033,24.7314,65.88,95,87,2.68,overcast clouds
257,Magadan,RU,59.5667,150.8,7.83,76,91,12.5,overcast clouds
258,Kishi,NG,9.0833,3.85,74.37,13,100,7.47,overcast clouds
259,Todos Santos,MX,23.45,-110.2167,77.11,70,72,9.08,broken clouds
260,Port Blair,IN,11.6667,92.75,68.04,88,20,0.0,mist
261,Bethel,US,41.3712,-73.414,22.5,56,0,3.44,clear sky
262,Alofi,NU,-19.0595,-169.9187,73.29,94,100,11.5,overcast clouds
263,Vao,NC,-22.6667,167.4833,79.18,83,94,9.75,overcast clouds
264,Ponta Do Sol,PT,32.6667,-17.1,65.12,37,1,10.09,clear sky
265,Lompoc,US,34.6391,-120.4579,71.08,55,0,16.11,clear sky
266,Ilhabela,BR,-23.7781,-45.3581,74.52,90,100,3.87,overcast clouds
267,Harnosand,SE,62.6323,17.9379,23.0,78,7,12.17,clear sky
268,Akureyri,IS,65.6835,-18.0878,24.73,42,75,10.36,broken clouds
269,Tilichiki,RU,60.4667,166.1,17.71,79,100,11.01,overcast clouds
270,Kampene,CD,-3.6,26.6667,69.51,93,98,3.62,overcast clouds
271,Zomin,UZ,39.9606,68.3958,31.48,80,11,2.1,few clouds
272,Iwanai,JP,42.9744,140.5089,20.03,69,100,9.64,light snow
273,Kisangani,CD,0.5167,25.2,73.92,38,100,1.5,overcast clouds
274,Axim,GH,4.8699,-2.2405,77.9,86,86,4.61,overcast clouds
275,Corsicana,US,32.0954,-96.4689,68.18,17,0,12.66,clear sky
276,Sisimiut,GL,66.9395,-53.6735,1.74,79,98,18.88,overcast clouds
277,Naze,JP,28.3667,129.4833,50.92,62,94,18.59,overcast clouds
278,Nemuro,JP,43.3236,145.575,16.23,63,34,13.27,scattered clouds
279,Najran,SA,17.4924,44.1277,57.85,32,11,2.46,few clouds
280,Seoul,KR,37.5683,126.9778,15.4,79,0,1.14,clear sky
281,Katsuura,JP,35.1333,140.3,43.11,46,99,11.86,overcast clouds
282,Lafia,NG,8.4833,8.5167,72.79,16,100,3.53,overcast clouds
283,Mersing,MY,2.4312,103.8405,78.71,83,97,5.75,overcast clouds
284,Yarada,IN,17.65,83.2667,64.72,100,20,2.3,mist
285,Parker,US,32.7668,-97.8003,71.31,25,98,6.44,overcast clouds
286,Ekuvukeni,ZA,-28.4675,30.1551,64.6,90,100,2.51,overcast clouds
287,Pacific Grove,US,36.6177,-121.9166,68.07,73,0,5.99,clear sky
288,Cap Malheureux,MU,-19.9842,57.6142,79.29,82,100,1.01,overcast clouds
289,Severnyy,RU,50.677,36.5532,30.24,93,100,11.18,mist
290,Faanui,PF,-16.4833,-151.75,80.98,71,17,11.61,few clouds
291,Houston,US,29.7633,-95.3633,68.4,48,0,5.01,clear sky
292,Viedma,AR,-40.8135,-62.9967,61.0,49,54,13.89,broken clouds
293,Caledon,ZA,-34.23,19.4265,68.16,83,94,11.86,overcast clouds
294,Hostinne,CZ,50.5407,15.7233,37.69,85,99,14.0,overcast clouds
295,Manakara,MG,-22.1333,48.0167,71.56,85,25,2.51,light rain
296,Pokhara,NP,28.2333,83.9833,51.15,70,84,0.54,broken clouds
297,Bella Vista,US,36.4295,-94.2316,57.47,35,0,0.0,clear sky
298,Bowen,AU,-20.0167,148.2333,79.02,71,33,9.62,scattered clouds
299,Pizhma,RU,57.8642,47.1171,13.53,97,97,4.41,overcast clouds
300,Marakkanam,IN,12.2,79.95,74.95,81,46,4.16,scattered clouds
301,Rassvet,RU,46.8333,40.75,34.57,99,100,8.95,overcast clouds
302,Cherskiy,RU,68.75,161.3,-28.21,99,98,1.63,overcast clouds
303,Marawi,PH,7.9986,124.2928,66.65,83,44,1.41,scattered clouds
304,Saint-Francois,FR,46.4154,3.9054,38.68,93,75,0.0,mist
305,Shingu,JP,33.7333,135.9833,43.92,55,30,5.28,scattered clouds
306,Halifax,CA,44.6453,-63.5724,25.21,78,87,4.0,overcast clouds
307,Praia Da Vitoria,PT,38.7333,-27.0667,59.25,88,40,22.3,scattered clouds
308,La Ronge,CA,55.1001,-105.2842,12.45,79,100,5.75,overcast clouds
309,Port-Cartier,CA,50.0334,-66.8654,9.75,84,72,10.18,broken clouds
310,Erenhot,CN,43.6475,111.9767,3.65,88,100,15.08,overcast clouds
311,Bonthe,SL,7.5264,-12.505,77.05,89,12,4.32,few clouds
312,Hamilton,US,39.1834,-84.5333,35.35,70,20,1.01,few clouds
313,Lavrentiya,RU,65.5833,-171.0,-5.03,91,6,4.23,clear sky
314,Burgos,ES,42.3394,-3.7079,25.21,86,0,0.0,clear sky
315,Sal Rei,CV,16.1833,-22.9167,68.56,75,100,20.62,overcast clouds
316,Aktas,KZ,49.7789,72.9608,13.75,94,100,12.48,light snow
317,Kahului,US,20.8947,-156.47,84.22,44,20,11.5,few clouds
318,San Cristobal,VE,7.7669,-72.225,68.18,91,97,3.09,overcast clouds
319,Manta,EC,-0.95,-80.7333,76.78,83,100,3.44,overcast clouds
320,Dhadar,IN,28.3305,75.0632,56.79,27,0,2.01,clear sky
321,Kazerun,IR,29.6195,51.6541,50.7,47,80,1.48,broken clouds
322,Sao Felix Do Xingu,BR,-6.6447,-51.995,69.51,96,100,1.1,overcast clouds
323,Sur,OM,22.5667,59.5289,70.07,68,0,2.89,clear sky
324,Visnes,NO,59.3556,5.2242,35.65,75,100,12.66,overcast clouds
325,Te Anau,NZ,-45.4167,167.7167,71.46,61,34,2.37,scattered clouds
326,Isla Mujeres,MX,21.2311,-86.731,71.17,63,91,9.8,overcast clouds
327,Leamington,CA,42.0549,-82.6062,26.04,68,83,1.01,broken clouds
328,Khandyga,RU,62.6667,135.6,-38.07,100,82,0.65,broken clouds
329,Olafsvik,IS,64.8945,-23.7142,27.54,55,100,25.48,overcast clouds
330,Mount Isa,AU,-20.7333,139.5,78.57,94,75,13.8,broken clouds
331,Marystown,CA,47.1666,-55.1483,36.86,100,97,1.99,overcast clouds
332,Airai,TL,-8.9266,125.4092,66.16,77,87,4.74,overcast clouds
333,Ketchikan,US,55.3422,-131.6461,35.58,93,100,6.91,light snow
334,Meiganga,CM,6.5167,14.3,65.19,22,67,6.87,broken clouds
335,Los Llanos De Aridane,ES,28.6585,-17.9182,58.75,77,0,8.99,clear sky
336,Kyren,RU,51.6828,102.1408,-5.4,84,45,1.34,scattered clouds
337,Huambo,AO,-12.7761,15.7392,57.6,97,100,3.56,overcast clouds
338,Abaza,RU,52.655,90.0928,-6.5,97,20,3.4,few clouds
339,Fairbanks,US,64.8378,-147.7164,-7.4,75,0,0.0,clear sky
340,Vestmannaeyjar,IS,63.4427,-20.2734,31.77,63,100,36.86,light snow
341,Rodrigues Alves,BR,-7.738,-72.6509,72.27,98,99,3.36,overcast clouds
342,La Rioja,ES,42.25,-2.5,36.05,65,0,5.57,clear sky
343,Kalulushi,ZM,-12.8378,28.0919,62.11,99,100,2.1,moderate rain
344,Changji,CN,44.0167,87.3167,-1.41,84,75,2.24,mist
345,Saint-Augustin,CA,51.226,-58.6502,11.95,82,99,28.32,overcast clouds
346,Lorengau,PG,-2.0226,147.2712,79.72,83,100,12.48,overcast clouds
347,Ust-Ilimsk,RU,58.0006,102.6619,-9.83,100,93,2.44,overcast clouds
348,Bilibino,RU,68.0546,166.4372,-11.61,96,74,4.63,broken clouds
349,Kirkuk,IQ,35.4681,44.3922,43.05,70,6,4.59,clear sky
350,Barmer,IN,25.75,71.3833,61.29,75,0,6.33,clear sky
351,Ekhabi,RU,53.5102,142.9671,9.81,93,100,21.63,light snow
352,Machiques,VE,10.0644,-72.545,81.81,51,40,8.28,scattered clouds
353,Kirakira,SB,-10.4544,161.9205,83.95,76,88,5.73,overcast clouds
354,Ishigaki,JP,24.3448,124.1572,59.13,67,75,16.11,broken clouds
355,Pedasi,PA,7.5333,-80.0333,75.07,67,9,21.23,clear sky
356,Kijang,KR,35.2442,129.2139,26.33,28,0,4.36,clear sky
357,Tulsipur,NP,28.131,82.2973,47.59,81,0,4.21,clear sky
358,Chingirlau,KZ,51.095,54.0814,27.5,89,98,13.69,overcast clouds
359,Kasongo-Lunda,CD,-6.4667,16.8167,71.15,90,100,2.19,overcast clouds
360,Golspie,GB,57.9727,-3.978,43.38,85,100,29.01,light rain
361,Hohhot,CN,40.8106,111.6522,1.69,60,0,4.47,clear sky
362,Matay,EG,28.419,30.7792,49.64,54,23,6.91,few clouds
363,Henties Bay,NA,-22.116,14.2845,66.85,79,100,8.57,overcast clouds
364,Manggar,ID,-2.8833,108.2667,79.34,80,77,7.14,broken clouds
365,Kobryn,BY,52.2138,24.3564,30.29,82,100,26.84,overcast clouds
366,San Carlos De Bariloche,AR,-41.1456,-71.3082,56.95,30,20,17.27,few clouds
367,Elat,IL,29.5581,34.9482,51.64,50,0,0.0,clear sky
368,Saint-Joseph,RE,-21.3667,55.6167,75.58,83,23,11.39,few clouds
369,Fangshan,CN,39.6983,115.9925,20.86,35,8,5.7,clear sky
370,Jalu,LY,29.0331,21.5482,54.34,59,82,13.91,broken clouds
371,Harlingen,US,26.1906,-97.6961,69.89,55,100,14.97,overcast clouds
372,Kandrian,PG,-6.2167,149.55,84.22,73,100,13.27,overcast clouds
373,Baykit,RU,61.67,96.37,-2.54,99,100,0.6,overcast clouds
374,Loding,NO,67.3,14.75,26.65,92,75,1.01,broken clouds
375,Goundam,ML,16.4145,-3.6708,72.84,14,64,10.67,broken clouds
376,Inirida,CO,3.8653,-67.9239,77.97,54,14,1.45,few clouds
377,Tatarsk,RU,55.219,75.9828,12.61,95,91,8.63,overcast clouds
378,Umm Kaddadah,SD,13.6017,26.6876,55.58,19,0,15.37,clear sky
379,Takhtamygda,RU,54.1,123.5667,-11.43,96,96,3.44,overcast clouds
380,Bara,NG,10.3744,10.7288,65.16,21,84,9.1,broken clouds
381,Middleton,GB,53.55,-2.2,45.99,82,94,25.05,moderate rain
382,Beringovskiy,RU,63.05,179.3167,-6.97,98,100,10.94,overcast clouds
383,Saint Marys,US,30.7305,-81.5465,53.82,36,0,1.99,clear sky
384,Sokolo,ML,14.7328,-6.1219,75.67,15,24,10.4,few clouds
385,Charters Towers,AU,-20.1,146.2667,83.79,58,1,6.35,clear sky
386,Oktyabrskiy,RU,54.4815,53.471,24.73,97,99,5.88,overcast clouds
387,Miri,MY,4.4148,114.0089,75.34,94,40,5.75,scattered clouds
388,Bilma,NE,18.6853,12.9164,56.84,18,0,17.81,clear sky
389,Ambilobe,MG,-13.2,49.05,73.54,94,70,1.05,broken clouds
390,Terrace,CA,54.5163,-128.6035,39.11,81,75,10.36,shower rain
391,Yulara,AU,-25.2406,130.9889,75.04,88,100,11.5,overcast clouds
392,Lampa,CL,-33.2833,-70.9,76.03,46,0,17.27,clear sky
393,Marsh Harbour,BS,26.5412,-77.0636,63.43,57,98,9.44,overcast clouds
394,Ardmore,US,34.1743,-97.1436,63.64,16,0,1.01,clear sky
395,Cabinda,AO,-5.55,12.2,78.04,88,100,3.83,light rain
396,La Cumbre,AR,-30.982,-64.4914,71.46,68,0,2.84,clear sky
397,Panguna,PG,-6.3164,155.4848,80.4,67,100,3.09,overcast clouds
398,Saint Simons,US,31.1352,-81.3901,53.87,33,0,9.22,clear sky
399,Port Lincoln,AU,-34.7333,135.8667,71.31,70,39,7.99,scattered clouds
400,Tuatapere,NZ,-46.1333,167.6833,70.83,65,37,4.92,scattered clouds
401,Basoko,CD,1.2391,23.616,72.54,38,75,1.12,broken clouds
402,Micheweni,TZ,-4.9667,39.8333,79.09,79,90,9.42,overcast clouds
403,Am Timan,TD,11.0297,20.2827,70.18,16,5,8.79,clear sky
404,Puri,IN,19.8,85.85,55.92,64,0,5.66,clear sky
405,Necochea,AR,-38.5473,-58.7368,65.03,64,81,22.64,light rain
406,Dryden,CA,49.7833,-92.7503,12.49,73,100,6.91,overcast clouds
407,Mookane,BW,-23.688,26.6595,68.61,79,100,8.9,overcast clouds
408,Puerto Colombia,CO,10.9878,-74.9547,80.69,80,6,19.8,clear sky
409,Karabulak,RU,43.3036,44.8964,27.16,90,18,2.68,few clouds
410,Kulachi,PK,31.9286,70.4592,54.75,40,0,2.46,clear sky
411,Wanxian,CN,30.8039,108.3897,42.96,82,96,2.53,overcast clouds
412,Cockburn Town,TC,21.4612,-71.1419,75.16,69,75,13.8,broken clouds
413,Trinidad,BO,-14.8333,-64.9,82.38,78,75,6.91,broken clouds
414,Clyde River,CA,70.4692,-68.5914,-21.77,69,20,5.75,few clouds
415,Hobyo,SO,5.3505,48.5268,76.62,79,97,15.52,light rain
416,Mitsamiouli,KM,-11.3847,43.2844,80.29,74,2,3.02,clear sky
417,Dubbo,AU,-32.25,148.6167,78.93,69,40,8.05,scattered clouds
418,Bandundu,CD,-3.3167,17.3667,75.61,78,100,4.32,overcast clouds
419,Knysna,ZA,-34.0363,23.0471,70.18,92,74,1.77,broken clouds
420,Pundaguitan,PH,6.3711,126.1689,80.67,75,100,4.79,overcast clouds
421,Lazaro Cardenas,MX,17.9583,-102.2,81.16,55,0,9.44,clear sky
422,Severobaykalsk,RU,55.65,109.3167,-8.27,96,99,2.95,overcast clouds
423,Marzuq,YE,14.4,46.4667,59.2,81,6,4.74,clear sky
424,Swift Current,CA,50.2834,-107.8014,31.01,74,0,12.66,clear sky
425,Svetlyy,RU,54.675,20.1347,35.65,72,100,26.15,overcast clouds
426,San Policarpo,PH,12.1791,125.5072,78.64,85,58,3.02,broken clouds
427,Osorno,CL,-40.5667,-73.15,62.91,45,20,5.75,few clouds
428,Haimen,CN,23.1935,116.6142,51.69,66,85,18.59,overcast clouds
429,Kargopol,RU,61.5071,38.9456,10.65,96,100,5.75,overcast clouds
430,Zhangye,CN,38.9342,100.4517,15.28,39,83,1.34,broken clouds
431,Alekseyevka,RU,50.6309,38.6903,30.34,94,100,13.85,overcast clouds
432,Atar,MR,20.5169,-13.0499,79.48,11,100,8.32,overcast clouds
433,Siva,EG,29.2041,25.5195,52.79,76,78,23.17,broken clouds
434,Mogadishu,SO,2.0371,45.3438,76.89,79,92,19.57,overcast clouds
435,Tura,IN,25.5198,90.2201,51.24,59,2,3.2,clear sky
436,Blagoyevo,RU,63.3667,47.9167,-1.55,99,80,2.93,broken clouds
437,College,US,64.8569,-147.8028,-6.77,76,20,3.44,few clouds
438,Natchitoches,US,31.7668,-93.1335,65.25,34,0,4.61,clear sky
439,Rawson,AR,-43.3002,-65.1023,59.95,36,57,4.38,broken clouds
440,Les Cayes,HT,18.2,-73.75,73.78,82,58,6.58,broken clouds
441,Jacareacanga,BR,-6.2222,-57.7528,71.44,98,100,1.68,overcast clouds
442,Cayenne,GF,4.9333,-52.3333,79.09,86,75,7.0,broken clouds
443,Waingapu,ID,-9.6567,120.2641,81.23,77,100,14.03,overcast clouds
444,Harper,LR,4.375,-7.7169,79.23,86,54,6.42,broken clouds
445,Bang Len,TH,14.0219,100.1718,80.91,66,35,5.57,scattered clouds
446,Quchan,IR,37.106,58.5095,27.95,77,4,5.26,clear sky
447,Bushehr,IR,28.9684,50.8385,60.08,49,100,12.39,overcast clouds
448,Tessalit,ML,20.1986,1.0114,67.48,15,20,9.46,few clouds
449,Pemangkat,ID,1.1667,108.9667,76.77,87,100,6.2,overcast clouds
450,Acapulco,MX,16.8634,-99.8901,81.36,65,1,6.71,clear sky
451,Longyearbyen,SJ,78.2186,15.6401,8.44,66,0,21.85,clear sky
452,Kavieng,PG,-2.5744,150.7967,81.68,76,93,1.72,light rain
453,Paita,PE,-5.0892,-81.1144,71.6,82,86,12.82,overcast clouds
454,Pacifica,US,37.6138,-122.4869,66.04,75,20,16.11,few clouds
455,Sistranda,NO,63.7256,8.834,31.89,69,91,6.69,overcast clouds
456,Elko,US,41.0002,-115.5012,44.62,34,12,2.24,few clouds
457,Iquitos,PE,-3.7481,-73.2472,86.04,79,0,1.14,clear sky
458,Yamada,JP,39.4667,141.95,27.88,49,55,5.26,broken clouds
459,Sola,VU,-13.8833,167.55,83.07,84,75,4.61,broken clouds
460,Hualmay,PE,-11.0964,-77.6139,71.56,80,100,9.78,overcast clouds
461,Birin,NP,26.8865,88.0718,39.81,72,13,4.23,few clouds
462,Ruy Barbosa,BR,-12.2839,-40.4939,72.54,84,44,1.7,scattered clouds
463,Santa Cruz,BO,-17.8,-63.1667,87.85,45,11,6.91,few clouds
464,Bulalacao,PH,12.3254,121.3435,80.13,77,12,15.37,few clouds
465,Aksarka,RU,66.5606,67.7975,-12.78,100,90,3.71,overcast clouds
466,Alice Springs,AU,-23.7,133.8833,74.75,94,75,9.22,broken clouds
467,Baishishan,CN,43.5833,127.5667,-1.28,95,39,1.79,scattered clouds
468,Tazovskiy,RU,67.4667,78.7,-8.68,98,99,8.12,overcast clouds
469,Arman,RU,59.7,150.1667,7.3,76,100,14.79,overcast clouds
470,Grand Gaube,MU,-20.0064,57.6608,79.2,82,100,1.01,overcast clouds
471,Tornio,FI,65.8481,24.1466,5.02,94,42,6.13,scattered clouds
472,Da Nang,VN,16.0678,108.2208,69.78,94,75,4.61,mist
473,Aosta,IT,45.7667,7.4167,35.76,27,0,4.0,clear sky
474,Lubango,AO,-14.9172,13.4925,58.05,84,98,4.47,overcast clouds
475,La Reforma,MX,25.0833,-108.05,82.09,54,70,9.17,broken clouds
476,Hailin,CN,44.5833,129.4167,-4.38,96,38,3.58,scattered clouds
477,Maltahohe,NA,-24.8333,16.9833,69.22,70,46,12.12,moderate rain
478,Itacoatiara,BR,-3.1431,-58.4442,73.51,96,95,2.1,overcast clouds
479,Kokstad,ZA,-30.5472,29.4241,61.11,93,100,3.09,overcast clouds
480,Sawakin,SD,19.1059,37.3321,68.9,68,35,8.86,scattered clouds
481,Peniche,PT,39.3558,-9.3811,55.09,73,12,8.93,few clouds
482,Staraya Poltavka,RU,50.4772,46.4814,19.99,96,98,9.44,overcast clouds
483,Rach Gia,VN,10.0167,105.0833,71.55,91,9,7.76,clear sky
484,Dongsheng,CN,39.8161,109.9776,6.33,49,0,16.75,clear sky
485,Abu Samrah,SY,35.3029,37.1841,42.57,74,96,0.85,overcast clouds
486,Punta Alta,AR,-38.8759,-62.0736,62.6,56,62,8.75,broken clouds
487,Mamonovo,RU,54.4643,19.938,35.55,75,99,30.31,overcast clouds
488,Gannan,CN,47.9147,123.5031,-4.49,88,8,5.26,clear sky
489,Mahibadhoo,MV,3.7833,72.9667,81.61,76,54,13.49,broken clouds
490,Wanning,CN,18.8003,110.3967,69.44,85,98,12.62,overcast clouds
491,Chumikan,RU,54.7183,135.315,-2.4,82,100,18.9,overcast clouds
492,Yeniseysk,RU,58.4497,92.1703,-3.06,100,100,2.77,overcast clouds
493,Durango,MX,24.8333,-104.8333,64.99,16,18,19.64,few clouds
494,Nikel,RU,69.4128,30.222,14.18,95,69,5.93,broken clouds
495,Muncar,ID,-8.4333,114.3333,78.87,86,100,2.8,overcast clouds
496,Wiang Sa,TH,8.6359,99.3666,78.42,93,10,2.35,clear sky
497,Jinxi,CN,30.4323,116.2922,36.7,81,100,1.43,overcast clouds
498,Kyabe,TD,9.4515,18.9449,74.39,17,39,8.57,scattered clouds
499,Tiznit,MA,29.5833,-9.5,60.39,28,94,16.31,overcast clouds
500,Chirongui,YT,-12.9319,45.1483,76.93,71,2,6.29,clear sky
501,Barsovo,RU,61.1667,73.1667,8.73,99,100,4.79,overcast clouds
502,Sibolga,ID,1.7427,98.7792,75.97,88,97,2.19,overcast clouds
503,Barzas,RU,55.7167,86.3167,-0.17,97,30,3.83,scattered clouds
504,Oktyabrskoye,RU,43.0645,44.7417,21.34,100,7,2.24,clear sky
505,Kushiro,JP,42.975,144.3747,9.55,61,20,5.75,few clouds
506,Kieta,PG,-6.2167,155.6333,84.99,71,100,7.02,overcast clouds
507,Rieti,IT,42.4072,12.8592,44.38,79,0,3.56,clear sky
508,King City,US,36.2127,-121.126,64.81,32,0,4.85,clear sky
509,Beyneu,KZ,45.3167,55.2,32.88,81,100,15.48,overcast clouds
510,Leningradskiy,RU,69.3833,178.4167,-14.26,94,80,4.23,broken clouds
511,Porto Santo,PT,33.072,-16.3415,64.31,82,20,18.41,few clouds
512,Half Moon Bay,US,37.4636,-122.4286,66.79,71,0,5.99,clear sky
513,Muravlenko,RU,63.7898,74.523,-3.41,98,99,8.16,overcast clouds
514,Padang,ID,-0.9492,100.3543,73.45,87,97,3.49,heavy intensity rain
515,Boyolangu,ID,-8.1181,111.8935,77.94,87,100,0.76,overcast clouds
516,Port-Gentil,GA,-0.7193,8.7815,81.0,78,96,10.94,overcast clouds
517,Santander,ES,43.4647,-3.8044,45.46,72,100,1.99,mist
518,Russell,US,32.3502,-85.1999,60.08,31,0,3.44,clear sky
519,Port Hedland,AU,-20.3167,118.5667,86.05,70,96,11.5,overcast clouds
520,Batagay-Alyta,RU,67.8006,130.4114,-21.57,94,76,2.62,broken clouds
521,Honiara,SB,-9.4333,159.95,85.12,72,100,4.63,overcast clouds
522,San Felipe,VE,10.3399,-68.7425,67.41,91,23,3.62,few clouds
523,Bontang,ID,0.1333,117.5,77.25,87,100,4.25,overcast clouds
524,Berlevag,NO,70.8578,29.0864,28.89,66,100,10.45,light snow
525,San Ramon,US,37.7799,-121.978,64.33,56,0,1.99,clear sky
526,Rudnogorsk,RU,57.2639,103.7519,-10.57,100,94,0.54,overcast clouds
527,Tapes,BR,-30.6733,-51.3958,73.36,69,18,17.78,few clouds
528,Samaipata,BO,-18.15,-63.8667,55.81,81,33,2.13,scattered clouds
529,Bathsheba,BB,13.2167,-59.5167,77.61,73,40,19.57,scattered clouds
530,Port Augusta,AU,-32.5,137.7667,92.71,41,99,4.76,overcast clouds
531,Severo-Yeniseyskiy,RU,60.3725,93.0408,-5.26,98,98,2.86,overcast clouds
532,Hun,LY,29.1268,15.9477,46.65,58,10,4.47,clear sky
533,Ozernovskiy,RU,51.5,156.5167,27.1,85,100,5.66,overcast clouds
534,Namie,JP,37.4833,141.0,36.97,63,38,12.44,scattered clouds
535,Kiomboi,TZ,-4.2667,34.3667,60.94,97,100,6.13,light rain
536,Lebedinyy,RU,58.5167,125.5167,-15.43,99,100,2.77,overcast clouds
537,Svobodnyy,RU,51.4,128.1333,-10.1,94,27,5.41,scattered clouds
538,Walvis Bay,NA,-22.9575,14.5053,67.08,94,100,10.36,overcast clouds
539,Gorgan,IR,36.8387,54.4348,39.16,81,0,6.91,clear sky
540,Fort Nelson,CA,58.8053,-122.7002,-0.81,78,75,11.5,light snow
541,Dunedin,NZ,-45.8742,170.5036,68.2,68,2,7.14,clear sky
542,Teahupoo,PF,-17.8333,-149.2667,80.56,75,90,12.64,overcast clouds
543,Westport,US,41.1415,-73.3579,23.76,56,22,4.0,few clouds
544,Bafra,TR,41.5678,35.9069,39.11,76,100,7.07,overcast clouds
545,Broken Hill,AU,-31.95,141.4333,78.51,73,40,8.05,scattered clouds
546,Asau,RO,46.4333,26.4,39.96,65,99,16.51,overcast clouds
547,Wajid,SO,3.8093,43.2471,73.45,30,100,16.15,overcast clouds
548,Boueni,YT,-12.9025,45.0761,76.98,71,2,6.26,clear sky
549,Ewa Beach,US,21.3156,-158.0072,80.55,55,75,11.01,broken clouds
550,Codrington,AU,-38.2667,141.9667,77.34,62,51,0.56,broken clouds
551,Touros,BR,-5.1989,-35.4608,79.7,78,18,11.97,few clouds
552,Mana,GF,5.6592,-53.7767,76.75,84,75,11.1,broken clouds
553,Puerto Escondido,MX,15.85,-97.0667,79.7,70,0,3.65,clear sky
554,Tabuk,PH,17.4189,121.4443,70.68,87,54,5.82,broken clouds
555,Oistins,BB,13.0667,-59.5333,77.09,73,40,19.57,scattered clouds
556,Camanducaia,BR,-22.7553,-46.1447,63.45,99,99,2.06,light rain
557,Kut Chap,TH,17.4257,102.5669,70.65,79,33,6.55,scattered clouds
558,Chipinge,ZW,-20.1883,32.6236,59.97,90,43,3.06,scattered clouds
559,Loa Janan,ID,-0.583,117.095,76.05,91,98,2.73,overcast clouds
560,Fare,PF,-16.7,-151.0167,80.87,71,20,9.46,few clouds
561,Gao,ML,16.6362,1.637,67.55,16,16,13.35,few clouds
562,Mackenzie,CA,55.2999,-123.1698,35.82,75,100,6.91,overcast clouds
563,Nelson Bay,AU,-32.7167,152.15,83.75,80,67,1.99,broken clouds
564,Ganta,LR,7.3022,-8.5308,68.92,29,67,1.21,broken clouds
565,Businga,CD,3.3333,20.8833,70.32,33,90,2.55,overcast clouds
566,Monster,NL,52.0258,4.175,43.07,78,75,13.0,moderate rain
567,Ko Samui,TH,9.5357,99.9357,80.74,74,30,7.2,scattered clouds
568,Tongren,CN,27.7172,109.1853,36.1,98,100,1.86,light rain
569,Avera,US,33.194,-82.5271,55.27,63,0,8.59,clear sky
570,Chalmette,US,29.9427,-89.9634,62.6,52,0,5.99,clear sky
571,Bar Harbor,US,44.3876,-68.2039,19.02,53,0,21.0,clear sky
572,Uige,AO,-7.6087,15.0613,66.04,99,100,0.98,overcast clouds
573,Newport,GB,51.5877,-2.9984,48.45,75,95,7.0,overcast clouds
574,Kamenka,RU,51.3223,42.7678,27.75,96,100,16.13,light snow
575,Nisia Floresta,BR,-6.0911,-35.2086,79.61,83,21,7.09,few clouds
576,San Jose,US,37.3394,-121.895,66.76,51,20,1.99,haze
577,Panguipulli,CL,-39.6333,-72.3333,62.31,57,36,4.18,scattered clouds
578,Shujalpur,IN,23.4,76.7167,54.28,37,0,5.06,clear sky
579,Pudozh,RU,61.8099,36.5345,16.11,93,100,6.89,overcast clouds
580,Tandahimba,TZ,-10.75,39.6333,69.22,98,25,0.72,scattered clouds
581,Itarema,BR,-2.9248,-39.9167,77.65,82,100,9.82,overcast clouds
582,Redmond,US,47.674,-122.1215,53.33,85,100,1.01,moderate rain
583,Iqaluit,CA,63.7506,-68.5145,-22.27,76,0,5.75,clear sky
584,Otofuke,JP,42.9917,143.2003,-1.25,84,20,1.88,few clouds
585,Baoning,CN,25.3378,110.026,37.26,93,100,2.24,mist
586,Hersbruck,DE,49.5125,11.4339,36.55,76,72,5.08,broken clouds
587,Pinawa,CA,50.1489,-95.8811,10.31,95,94,4.97,overcast clouds
588,Ville-Marie,CA,47.3335,-79.433,5.0,99,98,3.04,overcast clouds
589,Dong Hoi,VN,17.4833,106.6,64.78,92,99,11.52,overcast clouds
590,Havelock,US,34.8791,-76.9013,46.94,68,20,7.14,few clouds
591,Keetmanshoop,NA,-26.5833,18.1333,77.92,57,84,5.75,broken clouds
592,Safaga,EG,26.7292,33.9365,55.35,43,100,5.84,overcast clouds
593,Tibiri,NE,13.5627,7.0485,62.56,14,4,13.91,clear sky
594,Vila Franca Do Campo,PT,37.7167,-25.4333,59.41,80,64,15.43,broken clouds
595,Berdigestyakh,RU,62.0989,126.6992,-15.12,99,100,4.56,overcast clouds
596,Yumen,CN,40.2833,97.2,13.59,44,100,6.8,overcast clouds
597,Pueblo,US,38.2545,-104.6091,58.71,17,0,3.44,clear sky
598,Kangaatsiaq,GL,68.3065,-53.4641,-6.27,92,90,11.12,overcast clouds
599,Petropavlovsk-Kamchatskiy,RU,53.0452,158.6483,16.39,79,75,8.95,light shower snow
600,Amahai,ID,-3.3333,128.9167,83.19,71,100,8.93,overcast clouds
601,Lac Du Bonnet,CA,50.2536,-96.0612,11.12,95,95,5.01,overcast clouds
602,Riyadh,SA,24.6877,46.7219,53.74,45,0,10.22,clear sky
603,Roald,NO,62.5833,6.1333,32.32,80,20,10.36,few clouds
604,Storforshei,NO,66.4043,14.5233,20.39,96,100,1.5,overcast clouds
605,Rafaela,AR,-31.2503,-61.4867,78.01,50,0,3.24,clear sky
606,Salinopolis,BR,-0.6136,-47.3561,76.87,89,100,10.33,moderate rain
607,Minot,US,48.2325,-101.2963,31.19,69,0,9.22,clear sky
608,Nome,US,64.5011,-165.4064,1.11,71,0,0.0,clear sky
609,Filadelfia,US,39.9523,-75.1638,24.94,61,0,1.99,clear sky
610,Okakarara,NA,-20.5833,17.4333,67.89,87,99,7.65,moderate rain
611,Arkhangelsk,RU,64.5401,40.5433,15.91,92,100,2.24,light snow
612,Ola,RU,59.5833,151.2833,6.44,78,99,12.82,overcast clouds
613,Shambu,ET,9.5667,37.1,52.59,58,65,0.85,broken clouds
614,Gladstone,AU,-23.85,151.25,85.93,58,40,9.22,scattered clouds
615,Acari,PE,-15.4311,-74.6158,72.57,76,65,5.95,broken clouds
616,Flagstaff,US,35.1981,-111.6513,52.66,44,0,10.36,clear sky
617,Sao Jose Da Coroa Grande,BR,-8.8978,-35.1478,78.8,82,76,7.74,broken clouds
618,Dubti,ET,11.7361,41.0853,71.58,56,75,11.25,broken clouds
619,Bhadrachalam,IN,17.6667,80.8833,57.04,36,0,2.15,clear sky
620,Beroroha,MG,-21.6667,45.1667,74.82,68,0,5.14,clear sky
621,Fehergyarmat,HU,47.9833,22.5167,36.12,83,98,7.11,overcast clouds
622,Alta Floresta,BR,-9.8756,-56.0861,70.41,98,98,2.62,light rain
623,Abengourou,CI,6.7297,-3.4964,67.46,72,77,2.35,broken clouds
624,Borogontsy,RU,62.6683,131.1683,-38.07,100,72,0.87,broken clouds
625,Iranshahr,IR,27.2025,60.6848,59.94,58,0,2.71,clear sky
626,Kaa-Khem,RU,51.6833,94.7333,-22.88,95,39,2.75,scattered clouds
627,Kelo,TD,9.3086,15.8066,70.84,15,51,8.61,broken clouds
628,Rubizhne,UA,49.0123,38.3797,32.29,96,100,12.64,snow
629,San Juan,AR,-31.5375,-68.5364,89.28,26,1,11.34,clear sky
630,Calabozo,VE,8.9242,-67.4293,84.11,28,26,6.78,scattered clouds
631,Volterra,IT,43.4003,10.86,46.33,81,56,1.07,broken clouds
632,Bouca,CF,6.5105,18.2733,69.57,24,53,4.41,broken clouds
633,Enumclaw,US,47.2043,-121.9915,52.02,86,100,4.0,light rain
634,Calamar,CO,10.2511,-74.9146,80.55,65,65,13.94,broken clouds
635,Camopi,GF,3.1655,-52.3158,71.22,99,47,2.55,scattered clouds
636,San-Pedro,CI,4.7485,-6.6363,78.4,90,44,6.51,scattered clouds
637,Marrakesh,MA,31.6315,-8.0083,68.07,37,75,13.8,broken clouds
638,Flin Flon,CA,54.7682,-101.865,6.64,72,100,5.75,light snow
639,Louis Trichardt,ZA,-23.0439,29.9032,65.17,93,92,7.61,overcast clouds
640,Capiibary,PY,-24.8,-56.0333,80.35,55,51,5.95,broken clouds
641,Aden,YE,12.7794,45.0367,76.46,71,40,14.47,scattered clouds
642,Kismayo,SO,-0.3582,42.5454,77.25,76,60,13.29,broken clouds
643,La Libertad,EC,-2.2333,-80.9,80.26,69,0,9.22,clear sky
644,Whitehorse,CA,60.7161,-135.0538,7.81,70,75,11.01,light snow
645,Talakan,RU,50.3167,130.3667,-15.38,97,10,0.81,clear sky
646,Gat,IL,31.61,34.7642,48.4,100,0,5.48,clear sky
647,Izhma,RU,65.0083,53.9113,5.79,95,99,6.46,overcast clouds
648,Teguise,ES,29.0605,-13.564,59.22,51,0,4.61,haze
649,Hailey,US,43.5196,-114.3153,-0.96,63,66,1.21,broken clouds
650,Marsa Matruh,EG,31.3525,27.2453,50.2,87,40,13.8,scattered clouds
651,Shaoxing,CN,30.011,120.5715,36.95,79,42,1.03,scattered clouds
652,Goderich,CA,43.7501,-81.7165,24.91,68,84,5.75,broken clouds
653,Namibe,AO,-15.1961,12.1522,72.27,73,100,6.82,overcast clouds
654,Povenets,RU,62.8487,34.8262,11.62,96,100,4.63,overcast clouds
655,North Bend,US,43.4065,-124.2243,57.92,88,100,16.11,overcast clouds
656,Krasnoselkup,RU,65.7,82.4667,3.15,95,99,8.61,overcast clouds
657,Belle Fourche,US,44.6714,-103.8522,47.71,47,54,8.84,broken clouds
658,Sarakhs,IR,36.5449,61.1577,41.43,63,0,6.55,clear sky
659,Narrabri,AU,-30.3167,149.7833,85.51,62,71,4.0,broken clouds
660,Tuy Hoa,VN,13.0833,109.3,74.41,87,53,2.19,broken clouds
661,Kapit,MY,2.0167,112.9333,74.17,98,100,0.72,overcast clouds
662,Stykkisholmur,IS,65.0757,-22.7297,24.39,56,100,23.26,overcast clouds
663,Moussoro,TD,13.6408,16.4901,61.65,18,2,13.0,clear sky
664,Raudeberg,NO,61.9875,5.1352,32.86,67,100,1.01,overcast clouds
665,Bonavista,CA,48.6499,-53.1147,37.11,74,91,34.29,overcast clouds
666,Gizo,SB,-8.103,156.8419,84.81,69,100,8.37,overcast clouds
667,Whyalla,AU,-33.0333,137.5833,76.89,73,90,9.22,overcast clouds
668,Boffa,GN,10.1667,-14.0333,72.5,87,21,1.86,few clouds
669,Dongying,CN,37.4564,118.4856,28.96,54,51,11.12,broken clouds
670,Bandarbeyla,SO,9.4942,50.8122,74.77,79,97,14.76,overcast clouds
671,Casma,CL,-41.0082,-73.1244,61.88,59,32,6.62,scattered clouds
672,Aromashevo,RU,56.8602,68.6375,7.3,95,100,6.08,overcast clouds
673,Okhotsk,RU,59.3833,143.3,12.6,75,99,15.57,overcast clouds
674,Talnakh,RU,69.4865,88.3972,-15.79,94,87,9.06,overcast clouds
675,Murray Bridge,AU,-35.1167,139.2667,89.82,50,14,4.05,few clouds
676,Beasain,ES,43.0502,-2.2009,44.8,84,52,2.1,broken clouds
677,San Luis,AR,-33.295,-66.3356,80.13,32,6,4.38,clear sky
678,Manali,IN,13.1667,80.2667,77.07,86,10,1.88,clear sky
679,Sampang,ID,-7.1872,113.2394,76.95,84,100,9.51,overcast clouds
680,Sandy Bay,AU,-42.913,147.3532,80.06,62,20,1.01,few clouds
681,Nizhnedevitsk,RU,51.5419,38.3657,30.25,95,100,12.01,overcast clouds
682,Port Moresby,PG,-9.4431,147.1797,76.42,88,75,11.5,broken clouds
683,Ambon,ID,-3.6954,128.1814,87.94,62,20,17.27,few clouds
